ReadID	GenomeCoords	AlignmentLength	strand	MAPQ	ReadLength	ReadLabel	Haplotype	duplex	optimal_duplex_strand	d4z4_chr4_proximal_mapped	d4z4_chr4_proximal_coords	d4z4_chr4_proximal_score	d4z4_chr4_proximal_completeness	p13-E11_mapped	p13-E11_coords	p13-E11_score	p13-E11_completeness	pLAM_mapped	pLAM_coords	pLAM_score	pLAM_completeness	4qA_marker_mapped	4qA_marker_coords	4qA_marker_score	4qA_marker_completeness	4qA_marker_percent_identity	4qB_marker_mapped	4qB_marker_coords	4qB_marker_score	4qB_marker_completeness	4qB_marker_percent_identity	pLAM_contains_polyA	pLAM_polyA_coords	pLAM_polyA_signal	SSLP_coords	SSLP_length	MappedEstimatedCopies	MappedEstimatedCopiesPlus	MappedEstimatedCopiesMinus	XapI_Sensitive_Repeats	BlnI_Sensitive_Repeats	XapI_RE_Ratio_(%)	BlnI_RE_Ratio_(%)	gaps	gap_distance	overlaps	overlapping_repeats	overlapping_repeats_coords	misclassification_flags	d4z4_CpG_Total	d4z4_CpG_Methylated	d4z4_Methylation_Percentage	pLAM_CpG_Total	pLAM_CpG_Methylated	pLAM_Methylation_Percentage	FSHD1_status
085a9264-4183-4eaa-8caa-bd7de58b21ac	chr4:193395965-193477457	81492	-	60	117426	Complete 4qA	4qA	False	-	True	80713-87280	6385.0	98.86	True	80087-80904	797.0	99.14	True	35626-35826	200.0	100.0	True	34072-35643	1271.0	94.32	94.32	False	NA	NA	NA	NA	True	35653-35659	TTTAAT	83102-83263	161.0	13.31	0.0	13.31	9	0	100.0	0.0	False	NA	False	NA	NA	sa_chr4_chrY, sa_chr4_chrY	3799	1703	44.83	325	209	64.31	Diagnostic/Negative
378fd206-f01b-4453-9d15-00eb9895ac41	chr4:193420998-193476863	55865	-	0	91538	Complete 4qA	4qA	False	-	True	79941-86476	-5184.0	10.64	True	79319-80123	772.0	98.03	True	34907-35104	194.0	98.0	True	33342-34905	1248.0	93.53	93.53	False	NA	NA	NA	NA	True	34932-34938	TTTAAT	82314-82473	159.0	13.3	0.0	13.3	13	0	100.0	0.0	False	NA	False	NA	NA	NA	3757	2355	62.68	329	179	54.41	Diagnostic/Negative
6ec31b8e-3ff4-4618-ac86-4de1f5b5debf	chr4:193515411-193567334	51923	+	60	61781	Partial distal 4qA	4qA	False	+	False	NA	NA	NA	False	NA	NA	NA	True	28095-28295	200.0	100.0	True	28278-29856	1288.0	94.79	94.79	False	NA	NA	NA	NA	True	28262-28268	ATTAAA	NA	NA	8.47	8.47	0.0	8	0	100.0	0.0	False	NA	False	NA	NA	NA	2453	1648	67.18	329	208	63.22	Support/Negative
4a22fe57-dfa4-46a7-9556-d9f49cebe8f1	chr4:193517868-193574669	56801	+	60	56247	Partial distal 4qA	4qA	False	+	False	NA	NA	NA	False	NA	NA	NA	True	25634-25834	196.0	99.0	True	25817-27395	1290.0	94.85	94.85	False	NA	NA	NA	NA	True	25801-25807	ATTAAA	NA	NA	7.75	7.75	0.0	8	0	100.0	0.0	False	NA	False	NA	NA	NA	2246	1598	71.15	328	224	68.29	Support/Negative
f0d3d7b6-276f-4f08-ae22-f29371f5b26d	chr4:193429288-193510857	81569	+	60	115585	Complete 4qB	4qB	False	+	True	1-3299	-156.0	49.19	True	3122-3940	774.0	97.91	False	NA	NA	NA	False	NA	NA	NA	NA	True	81215-87052	5683.0	98.84	98.84	False	NA	NA	776-941	165.0	23.18	23.18	0.0	22	2	91.67	8.329999999999998	False	NA	False	NA	NA	sa_chr4_chr15, sa_chr4_chr6	5885	4826	82.01	309	200	64.72	Diagnostic/Negative
ef8c78ff-486a-4cf1-b0ab-9fec55c88408	chr4:193429288-193510851	81563	-	60	181078	Complete 4qB	4qB	False	-	True	177753-181066	-115.0	49.44	True	177127-177942	807.0	99.63	False	NA	NA	NA	False	NA	NA	NA	NA	True	93750-99589	5732.0	99.16	99.16	False	NA	NA	180129-180292	163.0	23.3	0.0	23.3	23	1	95.83	4.170000000000002	False	NA	False	NA	NA	sa_chr4_chr5, sa_chr4_chr15, sa_chr4_chr2, sa_chr4_chr13, sa_chr4_chrY, sa_chr4_chrY, sa_chr4_chrY	2132	15	0.7	305	1	0.33	Diagnostic/Negative
a2958f7d-9611-4b37-af38-9149be55fac5	chr4:193431396-193510857	79461	-	60	87104	Complete 4qB	4qB	False	-	True	85881-87097	-4158.0	18.37	True	85255-86070	809.0	99.75	False	NA	NA	NA	False	NA	NA	NA	NA	True	1754-7607	5793.0	99.61	99.61	False	NA	NA	NA	NA	23.4	0.0	23.4	19	0	100.0	0.0	False	NA	False	NA	NA	NA	6757	5011	74.16	309	223	72.17	Diagnostic/Negative
b6021d30-7331-4b37-9940-6f22f7078308	chr4:193433357-193484472	51115	+	0	57300	Partial distal 4qB	4qB	False	+	False	NA	NA	NA	False	NA	NA	NA	False	NA	NA	NA	False	NA	NA	NA	NA	True	52059-57293	4521.0	88.77	88.77	False	NA	NA	NA	NA	15.61	15.61	0.0	14	1	93.33	6.670000000000002	False	NA	False	NA	NA	NA	4199	2790	66.44	311	160	51.45	Diagnostic/Negative
ea817940-2cf4-4e09-b2ed-bc6ac0de9202	chr4:193442569-193452266	9697	-	1	48894	Partial distal 4qB	4qB	False	-	False	NA	NA	NA	False	NA	NA	NA	False	NA	NA	NA	False	NA	NA	NA	NA	True	29752-35611	5763.0	99.42	99.42	False	NA	NA	NA	NA	3.66	0.0	3.66	4	0	100.0	0.0	False	NA	False	NA	NA	NA	371	30	8.09	313	10	3.19	Diagnostic/Negative
481c1799-9be1-4fcc-8bdb-1339809adb28	chr4:193442773-193464692	21919	-	1	63091	Partial distal 4qB	4qB	False	-	False	NA	NA	NA	False	NA	NA	NA	False	NA	NA	NA	False	NA	NA	NA	NA	True	33490-39350	5762.0	99.4	99.4	False	NA	NA	NA	NA	6.57	0.0	6.57	6	0	100.0	0.0	False	NA	False	NA	NA	sa_chr4_chrY, sa_chr4_chrY, sa_chr4_chr1	1895	1268	66.91	305	162	53.11	Diagnostic/Negative
62133091-1a78-4b14-bff7-446c02724150	chr4:193445844-193471291	25447	+	60	60523	Partial distal 4qB	4qB	False	+	False	NA	NA	NA	False	NA	NA	NA	False	NA	NA	NA	False	NA	NA	NA	NA	True	25493-31335	5788.0	99.56	99.56	False	NA	NA	NA	NA	7.68	7.68	0.0	8	0	100.0	0.0	False	NA	False	NA	NA	NA	2139	1644	76.86	313	216	69.01	Diagnostic/Negative
42332c78-d2b4-4934-b476-77bbe82d7aac	chr4:193446131-193471291	25160	-	60	61980	Partial distal 4qB	4qB	False	-	False	NA	NA	NA	False	NA	NA	NA	False	NA	NA	NA	False	NA	NA	NA	NA	True	30966-36818	5778.0	99.47	99.47	False	NA	NA	NA	NA	7.58	0.0	7.58	7	0	100.0	0.0	False	NA	False	NA	NA	sa_chr4_chr15, sa_chr4_chrY	2213	1622	73.29	310	196	63.23	Diagnostic/Negative
fc397b46-5dca-4003-874b-d159cb08b998	chr4:193448342-193467996	19654	+	60	26451	Partial distal 4qB	4qB	False	+	False	NA	NA	NA	False	NA	NA	NA	False	NA	NA	NA	False	NA	NA	NA	NA	True	19536-25378	5784.0	99.52	99.52	False	NA	NA	NA	NA	5.86	5.86	0.0	5	1	83.33	16.67	False	NA	True	['d4z4_5', 'd4z4_6']	['12639-14453', '14292-15821']	NA	1475	1039	70.44	304	188	61.84	Diagnostic/Negative
5a4381a2-cb34-46af-970f-97b4d2ed917b	chr4:193450097-193471291	21194	-	60	56193	Partial distal 4qB	4qB	False	-	False	NA	NA	NA	False	NA	NA	NA	False	NA	NA	NA	False	NA	NA	NA	NA	True	29216-35067	5777.0	99.45	99.45	False	NA	NA	NA	NA	6.37	0.0	6.37	6	0	100.0	0.0	False	NA	False	NA	NA	NA	1847	1223	66.22	308	178	57.79	Diagnostic/Negative
b9c8638d-0665-4a1d-8f5f-afb779dcbd34	chr4:193451104-193464692	13588	+	36	48952	Partial distal 4qB	4qB	False	+	False	NA	NA	NA	False	NA	NA	NA	False	NA	NA	NA	False	NA	NA	NA	NA	True	13565-19422	5789.0	99.56	99.56	False	NA	NA	NA	NA	4.08	4.08	0.0	4	0	100.0	0.0	False	NA	False	NA	NA	sa_chr4_chrY	1119	719	64.25	315	159	50.48	Diagnostic/Negative
49abc192-0e45-4966-aeb1-771972ee4644	chr4:193414576-193450374	35798	-	60	35829	Partial proximal Unclassified	NA	False	-	True	17741-24304	6443.0	99.28	True	17116-17930	812.0	99.88	False	NA	NA	NA	False	NA	NA	NA	NA	False	NA	NA	NA	NA	False	NA	NA	20132-20295	163.0	5.14	0.0	5.14	5	0	100.0	0.0	False	NA	False	NA	NA	NA	1452	877	60.4	0	0	0.0	Non-diagnostic
b8123e68-f15e-48f8-ab7e-e8b8ad741a3f	chr4:193418890-193465980	47090	+	60	46895	Partial proximal Unclassified	NA	False	+	True	7153-13673	6249.0	98.11	True	13484-14298	812.0	99.88	False	NA	NA	NA	False	NA	NA	NA	NA	False	NA	NA	NA	NA	False	NA	NA	11135-11298	163.0	9.79	9.79	0.0	9	0	100.0	0.0	False	NA	False	NA	NA	NA	2807	1716	61.13	0	0	0.0	Non-diagnostic
d781e832-f3ed-4895-9113-664b67a6bac3	chr10:134662052-134758134	96082	-	60	97420	Partial distal 10qA	10qA	False	-	False	NA	NA	NA	False	NA	NA	NA	True	33050-33249	186.0	96.5	True	31556-33049	1427.0	97.23	97.23	False	NA	NA	NA	NA	False	33077-33083	TTTGAT	NA	NA	19.3	0.0	19.3	1	20	4.76	95.24	False	NA	False	NA	NA	NA	5606	3594	64.11	324	200	61.73	Non-diagnostic
b2fe003d-ed38-42df-85fd-b300008d5b00	chr10:134668005-134758134	90129	+	60	93449	Partial distal 10qA	10qA	False	+	False	NA	NA	NA	False	NA	NA	NA	True	58245-58444	186.0	96.5	True	58445-59937	1440.0	97.56	97.56	False	NA	NA	NA	NA	False	58411-58417	ATCAAA	NA	NA	17.52	17.52	0.0	1	17	5.56	94.44	False	NA	False	NA	NA	sa_chr10_chrY	4810	3292	68.44	321	190	59.19	Non-diagnostic
dc28d1e7-6d3c-4eaa-adb3-1645d4c13975	chr10:134669138-134746429	77291	+	60	77100	Partial distal 10qA	10qA	False	+	False	NA	NA	NA	False	NA	NA	NA	True	57122-57318	176.0	94.0	True	57319-58812	1437.0	97.49	97.49	False	NA	NA	NA	NA	False	NA	NA	NA	NA	17.18	17.18	0.0	2	16	11.11	88.89	False	NA	False	NA	NA	NA	4925	3393	68.89	323	199	61.61	Non-diagnostic
2a781218-573e-4f7c-bd7e-a3b23bb52dae	chr10:134673482-134758134	84652	+	60	88092	Partial distal 10qA	10qA	False	+	False	NA	NA	NA	False	NA	NA	NA	True	52764-52967	170.0	94.5	True	53575-54460	237.0	57.95	57.95	False	NA	NA	NA	NA	False	52934-52940	ATCAAA	NA	NA	15.78	15.78	0.0	2	16	11.11	88.89	False	NA	False	NA	NA	sa_chr10_chrY	4361	2672	61.27	308	200	64.94	Non-diagnostic
